﻿pos_x,pos_y,rotation,side,designator,mpn,pack,footprint,value,mount_type
57.0,-81.5,180.0,top,C1,,,C_0805_2012Metric_Pad1.18x1.45mm_HandSolder,10u,smt
57.0,-84.0,180.0,top,C2,,,C_0805_2012Metric_Pad1.18x1.45mm_HandSolder,0.1u,smt
57.5,-92.0,180.0,top,C3,,,C_0805_2012Metric_Pad1.18x1.45mm_HandSolder,1u,smt
65.0,-91.0,180.0,top,C4,,,C_0805_2012Metric_Pad1.18x1.45mm_HandSolder,1u,smt
79.0,-92.0,0.0,top,C5,,,C_0805_2012Metric_Pad1.18x1.45mm_HandSolder,0.1u,smt
78.975,-89.5,180.0,top,D1,,,LED_0805_2012Metric_Pad1.15x1.40mm_HandSolder,LED,smt
79.0,-87.0,180.0,top,D2,,,LED_0805_2012Metric_Pad1.15x1.40mm_HandSolder,LED,smt
79.0,-84.5,180.0,top,D3,,,LED_0805_2012Metric_Pad1.15x1.40mm_HandSolder,LED,smt
63.5,-95.0,0.0,top,IC1,AP2112M-3.3TRG1,,SOIC127P600X170-8N,AP2112M-3.3TRG1,smt
83.5,-92.0,180.0,top,J1,,,PinHeader_1x04_P2.54mm_Vertical,Conn_01x04_Pin,tht
70.0,-90.5,0.0,top,J2,,,PinHeader_1x03_P2.54mm_Vertical,Conn_01x03_Pin,tht
49.18,-88.5,-90.0,top,J3,,,USB_C_Receptacle_HRO_TYPE-C-31-M-12,USB_C_Receptacle_USB2.0_16P,smt
57.5,-94.0,180.0,top,R1,,,R_0805_2012Metric_Pad1.20x1.40mm_HandSolder,5.1k,smt
57.5,-96.0,0.0,top,R2,,,R_0805_2012Metric_Pad1.20x1.40mm_HandSolder,5.1k,smt
75.0,-89.5,180.0,top,R3,,,R_0805_2012Metric_Pad1.20x1.40mm_HandSolder,470,smt
75.0,-87.0,180.0,top,R4,,,R_0805_2012Metric_Pad1.20x1.40mm_HandSolder,470,smt
75.0,-84.5,180.0,top,R5,,,R_0805_2012Metric_Pad1.20x1.40mm_HandSolder,470,smt
64.675,-83.975,90.0,top,U1,,,SOIC-16_3.9x9.9mm_P1.27mm,CH340C,smt
