﻿Designator,Quantity,Value,Footprint,Package,MPN,DNP,Mount_Type,Description,Mfr.,Mfr. No.,Height,Mouser Part Number,Mouser Price/Stock,Manufacturer_Name
C1,1,10u,C_0805_2012Metric_Pad1.18x1.45mm_HandSolder,,,,smt,Unpolarized capacitor,,,,,,
"C2, C5",2,0.1u,C_0805_2012Metric_Pad1.18x1.45mm_HandSolder,,,,smt,Unpolarized capacitor,,,,,,
"C3, C4",2,1u,C_0805_2012Metric_Pad1.18x1.45mm_HandSolder,,,,smt,Unpolarized capacitor,,,,,,
D1,1,LED,LED_0805_2012Metric_Pad1.15x1.40mm_HandSolder,,,Yes,smt,Light emitting diode,Lite-On,LTST-C171GKT,,,,
D2,1,LED,LED_0805_2012Metric_Pad1.15x1.40mm_HandSolder,,,Yes,smt,Light emitting diode,Lite-On,LTST-C171GKT,,,,
D3,1,LED,LED_0805_2012Metric_Pad1.15x1.40mm_HandSolder,,,Yes,smt,Light emitting diode,Lite-On,LTST-C171GKT,,,,
IC1,1,AP2112M-3.3TRG1,SOIC127P600X170-8N,,AP2112M-3.3TRG1,,smt,Linear Voltage Regulator IC Positive Fixed 1 Output 600mA 8-SOIC,,,1.7,621-AP2112M-3.3TRG1,https://www.mouser.co.uk/ProductDetail/Diodes-Incorporated/AP2112M-3.3TRG1?qs=5V6w%252Be2aIqa1YM8VADFBsQ%3D%3D,Diodes Incorporated
J1,1,Conn_01x04_Pin,PinHeader_1x04_P2.54mm_Vertical,,,,tht,"Generic connector, single row, 01x04, script generated",,,,,,
J2,1,Conn_01x03_Pin,PinHeader_1x03_P2.54mm_Vertical,,,,tht,"Generic connector, single row, 01x03, script generated",,,,,,
J3,1,USB_C_Receptacle_USB2.0_16P,USB_C_Receptacle_HRO_TYPE-C-31-M-12,,,,smt,USB 2.0-only 16P Type-C Receptacle connector,,,,,,
"R1, R2",2,5.1k,R_0805_2012Metric_Pad1.20x1.40mm_HandSolder,,,,smt,Resistor,,,,,,
"R3, R4, R5",3,470,R_0805_2012Metric_Pad1.20x1.40mm_HandSolder,,,,smt,Resistor,,,,,,
U1,1,CH340C,SOIC-16_3.9x9.9mm_P1.27mm,,,,smt,"USB serial converter, crystal-less, UART, SOIC-16",,,,,,
